{
    "water_speed": 92.7303237915039,
    "temperature": 87.87127685546875,
    "dissolved_oxygen": 5.596468925476074,
    "pH": 14999.900390625,
    "salinity": 14.260075569152832,
    "turbidity": 2.996924877166748,
    "flag": "TRUE"
}